{"metadata":{"usedHelpers":[],"marked":[],"modules":{"imports":[{"source":"meteor/templating","imported":["Template"],"specifiers":[{"kind":"named","imported":"Template","local":"Template"}]},{"source":"meteor/meteor","imported":["Meteor"],"specifiers":[{"kind":"named","imported":"Meteor","local":"Meteor"}]},{"source":"meteor/reactive-dict","imported":["ReactiveDict"],"specifiers":[{"kind":"named","imported":"ReactiveDict","local":"ReactiveDict"}]},{"source":"./body.html","imported":[],"specifiers":[]},{"source":"./task.js","imported":[],"specifiers":[]},{"source":"../api/tasks.js","imported":["Tasks"],"specifiers":[{"kind":"named","imported":"Tasks","local":"Tasks"}]}],"exports":{"exported":[],"specifiers":[]}}},"options":{"filename":"/imports/ui/body.js","filenameRelative":"/imports/ui/body.js","env":{},"retainLines":false,"highlightCode":true,"suppressDeprecationMessages":false,"presets":[],"plugins":[[[],null],[[],null],[[],null],[[],null],[[],null],[[],null],[[],null],[[],{"polyfill":false}],[[],null],[[],null],[[],null],[[],null],[[],null],[[],null],[[],null],[[],null],[[],{"loose":true}],[[],{"loose":true}],[[],null],[[],{"loose":true}],[[],null],[[],null],[[],{"allowTopLevelThis":true,"strict":false,"loose":true}],[[],null],[[],null],[[],null],[[],null],[[],null],[[],{"loose":true}],[[],null],[[],null],[[],null],[[],null],[[],null],[[],null],[[],null],[[],null]],"ignore":[],"code":true,"metadata":true,"ast":false,"comments":true,"compact":false,"minified":false,"sourceMap":true,"sourceMaps":true,"sourceMapTarget":"/imports/ui/body.js.map","sourceFileName":"/imports/ui/body.js","babelrc":false,"sourceType":"module","moduleIds":false,"passPerPreset":false,"basename":"body"},"ignored":false,"code":"var _templating = require('meteor/templating');\n\nvar _meteor = require('meteor/meteor');\n\nvar _reactiveDict = require('meteor/reactive-dict');\n\nrequire('./body.html');\n\nrequire('./task.js');\n\nvar _tasks = require('../api/tasks.js');\n\n_templating.Template.body.helpers({\n  tasks: function () {\n    function tasks() {\n      return _tasks.Tasks.find({});\n    }\n\n    return tasks;\n  }()\n});\n_templating.Template.body.events({\n  'submit .new-task': function () {\n    function submitNewTask(event) {\n      // Prevent default browser form submit\n      event.preventDefault();\n\n      // Get value from form element\n      var target = event.target;\n      var text = target.text.value;\n\n      // Insert a task into the collection\n      _tasks.Tasks.insert({\n        text: text,\n        createdAt: new Date() });\n\n      // Clear form\n      // current time\n      target.text.value = '';\n    }\n\n    return submitNewTask;\n  }()\n});","ast":null,"map":{"version":3,"sources":["/imports/ui/body.js"],"names":[],"mappings":"AAAA;;AACA;;AACA;;AAEA;;AACA;;AAEA;;AAEA,qBAAS,IAAT,CAAc,OAAd,CAAsB;AACtB;qBAAQ;AACJ,aAAO,aAAM,IAAN,CAAW,EAAX,CAAP,CADI;;;;KADc;CAAtB;AAKA,qBAAS,IAAT,CAAc,MAAd,CAAqB;AACnB;2BAAmB,OAAO;;AAExB,YAAM,cAAN;;;AAFwB,UAKlB,SAAS,MAAM,MAAN,CALS;AAMxB,UAAM,OAAO,OAAO,IAAP,CAAY,KAAZ;;;AANW,kBASxB,CAAM,MAAN,CAAa;AACX,kBADW;AAEX,mBAAW,IAAI,IAAJ,EAAX,EAFF;;;AATwB;AAexB,aAAO,IAAP,CAAY,KAAZ,GAAoB,EAApB,CAfwB;;;;KADP;CAArB","file":"/imports/ui/body.js.map","sourcesContent":["import { Template } from 'meteor/templating';\r\nimport { Meteor } from 'meteor/meteor';\r\nimport { ReactiveDict } from 'meteor/reactive-dict';\r\n \r\nimport './body.html';\r\nimport './task.js';\r\n\r\nimport { Tasks } from '../api/tasks.js';\r\n \r\nTemplate.body.helpers({\r\ntasks() {\r\n    return Tasks.find({});\r\n  },\r\n})\r\nTemplate.body.events({\r\n  'submit .new-task'(event) {\r\n    // Prevent default browser form submit\r\n    event.preventDefault();\r\n \r\n    // Get value from form element\r\n    const target = event.target;\r\n    const text = target.text.value;\r\n \r\n    // Insert a task into the collection\r\n    Tasks.insert({\r\n      text,\r\n      createdAt: new Date(), // current time\r\n    });\r\n \r\n    // Clear form\r\n    target.text.value = '';\r\n  },\r\n});"]},"hash":"27674be17c66c2bd5aaefecf1851c2baac6cfea4"}
