{"metadata":{"usedHelpers":[],"marked":[],"modules":{"imports":[{"source":"meteor/templating","imported":["Template"],"specifiers":[{"kind":"named","imported":"Template","local":"Template"}]},{"source":"../api/tasks.js","imported":["Tasks"],"specifiers":[{"kind":"named","imported":"Tasks","local":"Tasks"}]},{"source":"./task.html","imported":[],"specifiers":[]}],"exports":{"exported":[],"specifiers":[]}}},"options":{"filename":"/imports/ui/task.js","filenameRelative":"/imports/ui/task.js","env":{},"retainLines":false,"highlightCode":true,"suppressDeprecationMessages":false,"presets":[],"plugins":[[[],null],[[],null],[[],null],[[],null],[[],null],[[],null],[[],null],[[],{"polyfill":false}],[[],null],[[],null],[[],null],[[],null],[[],null],[[],null],[[],null],[[],null],[[],{"loose":true}],[[],{"loose":true}],[[],null],[[],{"loose":true}],[[],null],[[],null],[[],{"allowTopLevelThis":true,"strict":false,"loose":true}],[[],null],[[],null],[[],null],[[],null],[[],null],[[],{"loose":true}],[[],null],[[],null],[[],null],[[],null],[[],null],[[],null],[[],null],[[],null]],"ignore":[],"code":true,"metadata":true,"ast":false,"comments":true,"compact":false,"minified":false,"sourceMap":true,"sourceMaps":true,"sourceMapTarget":"/imports/ui/task.js.map","sourceFileName":"/imports/ui/task.js","babelrc":false,"sourceType":"module","moduleIds":false,"passPerPreset":false,"basename":"task"},"ignored":false,"code":"var _templating = require('meteor/templating');\n\nvar _tasks = require('../api/tasks.js');\n\nrequire('./task.html');\n\n_templating.Template.task.events({\n  'click .toggle-checked': function () {\n    function clickToggleChecked() {\n      // Set the checked property to the opposite of its current value\n      _tasks.Tasks.update(this._id, {\n        $set: { checked: !this.checked }\n      });\n    }\n\n    return clickToggleChecked;\n  }(),\n  'click .delete': function () {\n    function clickDelete() {\n      _tasks.Tasks.remove(this._id);\n    }\n\n    return clickDelete;\n  }()\n});","ast":null,"map":{"version":3,"sources":["/imports/ui/task.js"],"names":[],"mappings":"AAEA;;AAEA;;AAEA;;AAEA,qBAAS,IAAT,CAAc,MAAd,CAAqB;AACnB;kCAA0B;;AAExB,mBAAM,MAAN,CAAa,KAAK,GAAL,EAAU;AACrB,cAAM,EAAE,SAAS,CAAE,KAAK,OAAL,EAAnB;OADF,EAFwB;;;;KADP;AAOnB;2BAAkB;AAChB,mBAAM,MAAN,CAAa,KAAK,GAAL,CAAb,CADgB;;;;KAPC;CAArB","file":"/imports/ui/task.js.map","sourcesContent":["\r\n\r\nimport { Template } from 'meteor/templating';\r\n \r\nimport { Tasks } from '../api/tasks.js';\r\n \r\nimport './task.html';\r\n \r\nTemplate.task.events({\r\n  'click .toggle-checked'() {\r\n    // Set the checked property to the opposite of its current value\r\n    Tasks.update(this._id, {\r\n      $set: { checked: ! this.checked },\r\n    });\r\n  },\r\n  'click .delete'() {\r\n    Tasks.remove(this._id);\r\n  },\r\n});"]},"hash":"417b20d5be6fe8b981ad2f78832004c258de472e"}
