{"metadata":{"usedHelpers":[],"marked":[],"modules":{"imports":[{"source":"meteor/mongo","imported":["Mongo"],"specifiers":[{"kind":"named","imported":"Mongo","local":"Mongo"}]}],"exports":{"exported":["Tasks"],"specifiers":[{"kind":"local","local":"Tasks","exported":"Tasks"}]}}},"options":{"filename":"/imports/ui/task.js","filenameRelative":"/imports/ui/task.js","env":{},"retainLines":false,"highlightCode":true,"suppressDeprecationMessages":false,"presets":[],"plugins":[[[],null],[[],null],[[],null],[[],null],[[],null],[[],null],[[],null],[[],{"polyfill":false}],[[],null],[[],null],[[],null],[[],null],[[],null],[[],null],[[],null],[[],null],[[],{"loose":true}],[[],{"loose":true}],[[],null],[[],{"loose":true}],[[],null],[[],null],[[],{"allowTopLevelThis":true,"strict":false,"loose":true}],[[],null],[[],null],[[],null],[[],null],[[],null],[[],{"loose":true}],[[],null],[[],null],[[],null],[[],null],[[],null],[[],null],[[],null],[[],null]],"ignore":[],"code":true,"metadata":true,"ast":false,"comments":true,"compact":false,"minified":false,"sourceMap":true,"sourceMaps":true,"sourceMapTarget":"/imports/ui/task.js.map","sourceFileName":"/imports/ui/task.js","babelrc":false,"sourceType":"module","moduleIds":false,"passPerPreset":false,"basename":"task"},"ignored":false,"code":"exports.__esModule = true;\nexports.Tasks = undefined;\n\nvar _mongo = require('meteor/mongo');\n\nvar Tasks = exports.Tasks = new _mongo.Mongo.Collection('tasks');","ast":null,"map":{"version":3,"sources":["/imports/ui/task.js"],"names":[],"mappings":";;;AAAA;;AAEO,IAAM,wBAAQ,IAAI,aAAM,UAAN,CAAiB,OAArB,CAAR","file":"/imports/ui/task.js.map","sourcesContent":["import { Mongo } from 'meteor/mongo';\r\n \r\nexport const Tasks = new Mongo.Collection('tasks');"]},"hash":"95d744501897eef904d36123ff232f5a0907b965"}
