{"metadata":{"usedHelpers":[],"marked":[],"modules":{"imports":[{"source":"meteor/accounts-base","imported":["Accounts"],"specifiers":[{"kind":"named","imported":"Accounts","local":"Accounts"}]}],"exports":{"exported":[],"specifiers":[]}}},"options":{"filename":"/imports/startup/accounts-config.js.js","filenameRelative":"/imports/startup/accounts-config.js.js","env":{},"retainLines":false,"highlightCode":true,"suppressDeprecationMessages":false,"presets":[],"plugins":[[[],null],[[],null],[[],null],[[],null],[[],null],[[],null],[[],null],[[],{"polyfill":false}],[[],null],[[],null],[[],null],[[],null],[[],null],[[],null],[[],null],[[],null],[[],{"loose":true}],[[],{"loose":true}],[[],null],[[],{"loose":true}],[[],null],[[],null],[[],{"allowTopLevelThis":true,"strict":false,"loose":true}],[[],null],[[],null],[[],null],[[],null],[[],null],[[],{"loose":true}],[[],null],[[],null],[[],null],[[],null],[[],null],[[],null],[[],null],[[],null]],"ignore":[],"code":true,"metadata":true,"ast":false,"comments":true,"compact":false,"minified":false,"sourceMap":true,"sourceMaps":true,"sourceMapTarget":"/imports/startup/accounts-config.js.js.map","sourceFileName":"/imports/startup/accounts-config.js.js","babelrc":false,"sourceType":"module","moduleIds":false,"passPerPreset":false,"basename":"accounts-config.js"},"ignored":false,"code":"var _accountsBase = require('meteor/accounts-base');\n\n_accountsBase.Accounts.ui.config({\n  passwordSignupFields: 'USERNAME_ONLY'\n});","ast":null,"map":{"version":3,"sources":["/imports/startup/accounts-config.js.js"],"names":[],"mappings":"AAAA;;AAEA,uBAAS,EAAT,CAAY,MAAZ,CAAmB;AACjB,wBAAsB,eAAtB;CADF","file":"/imports/startup/accounts-config.js.js.map","sourcesContent":["import { Accounts } from 'meteor/accounts-base';\r\n \r\nAccounts.ui.config({\r\n  passwordSignupFields: 'USERNAME_ONLY',\r\n});"]},"hash":"d225b975fa07f86bebac3da978a3a66d7b41ace5"}
