{"metadata":{"usedHelpers":[],"marked":[],"modules":{"imports":[{"source":"meteor/templating","imported":["Template"],"specifiers":[{"kind":"named","imported":"Template","local":"Template"}]},{"source":"./body.html","imported":[],"specifiers":[]},{"source":"../api/tasks.js","imported":["Tasks"],"specifiers":[{"kind":"named","imported":"Tasks","local":"Tasks"}]}],"exports":{"exported":[],"specifiers":[]}}},"options":{"filename":"/imports/ui/body.js","filenameRelative":"/imports/ui/body.js","env":{},"retainLines":false,"highlightCode":true,"suppressDeprecationMessages":false,"presets":[],"plugins":[[[],null],[[],null],[[],null],[[],null],[[],null],[[],null],[[],null],[[],{"polyfill":false}],[[],null],[[],null],[[],null],[[],null],[[],null],[[],null],[[],null],[[],null],[[],{"loose":true}],[[],{"loose":true}],[[],null],[[],{"loose":true}],[[],null],[[],null],[[],{"allowTopLevelThis":true,"strict":false,"loose":true}],[[],null],[[],null],[[],null],[[],null],[[],null],[[],{"loose":true}],[[],null],[[],null],[[],null],[[],null],[[],null],[[],null],[[],null],[[],null]],"ignore":[],"code":true,"metadata":true,"ast":false,"comments":true,"compact":false,"minified":false,"sourceMap":true,"sourceMaps":true,"sourceMapTarget":"/imports/ui/body.js.map","sourceFileName":"/imports/ui/body.js","babelrc":false,"sourceType":"module","moduleIds":false,"passPerPreset":false,"basename":"body"},"ignored":false,"code":"var _templating = require('meteor/templating');\n\nrequire('./body.html');\n\nvar _tasks = require('../api/tasks.js');\n\n_templating.Template.body.helpers({\n  tasks: function () {\n    function tasks() {\n      return _tasks.Tasks.find({});\n    }\n\n    return tasks;\n  }()\n});","ast":null,"map":{"version":3,"sources":["/imports/ui/body.js"],"names":[],"mappings":"AAAA;;AAEA;;AACA;;AAEA,qBAAS,IAAT,CAAc,OAAd,CAAsB;AACtB;qBAAQ;AACJ,aAAO,aAAM,IAAN,CAAW,EAAX,CAAP,CADI;;;;KADc;CAAtB","file":"/imports/ui/body.js.map","sourcesContent":["import { Template } from 'meteor/templating';\r\n \r\nimport './body.html';\r\nimport { Tasks } from '../api/tasks.js';\r\n \r\nTemplate.body.helpers({\r\ntasks() {\r\n    return Tasks.find({});\r\n  },\r\n})"]},"hash":"e4d645d391175e7092b052ef06cab4af03c850ed"}
